titre;réalisateur(s);année de production;groupe de nationalité2;année de dernière diffusion;nb. de diffusions;dont en première partie de soirée;nb. moyen de diffusions par an;titre_norm;imdb_genres_brut;genre;match_score;imdb_tconst;imdb_title;imdb_year;match_field
DELPHINE 1-YVAN 0;FARRUGIA Dominique;1996;FRANCE;2024;75;5;2,9;DELPHINE 1 YVAN 0;Comedy,Romance;Comédie;100.0;tt0116069;Delphine 1, Yvan 0;1996;primaryTitle
DOUZE TRAVAUX D ASTERIX (LES);GOSCINNY René;1975;FRANCE;2024;63;48;1,7;DOUZE TRAVAUX D ASTERIX;Drama,Family,Sport;Drame;90.0;tt11231254;AvA;2016;primaryTitle
ASTERIX ET CLEOPATRE;GOSCINNY René;1968;FRANCE;2024;62;47;1,5;ASTERIX ET CLEOPATRE;Drama,Thriller;Drame;90.0;tt0251797;Leo;2000;primaryTitle
KIRIKOU ET LES BETES SAUVAGES;OCELOT Michel;2004;FRANCE;2021;61;23;3,6;KIRIKOU ET LES BETES SAUVAGES;Adventure,Animation,Family;Animation;96.55172413793103;tt0455142;Kirikou and the Wild Beasts;2005;originalTitle
DEUX HEURES MOINS LE QUART AVANT J.C.;YANNE Jean;1982;FRANCE;2024;60;35;1,6;DEUX HEURES MOINS LE QUART AVANT J C;Comedy;Comédie;92.28571428571428;tt0083824;Quarter to Two Before Jesus Christ;1982;originalTitle
ASTERIX LE GAULOIS;GOSCINNY René;1967;FRANCE;2024;60;43;1,4;ASTERIX LE GAULOIS;Action,Adventure,Animation;Animation;94.44444444444444;tt0061369;Asterix the Gaul;1967;originalTitle
ASTERIX ET LA SURPRISE DE CESAR;BRIZZI Gaëtan;1985;FRANCE;2024;59;54;2,3;ASTERIX ET LA SURPRISE DE CESAR;Adventure,Animation,Comedy;Animation;93.5483870967742;tt0088748;Asterix Versus Caesar;1985;originalTitle
ASTERIX CHEZ LES BRETONS;BRIZZI Gaëtan;1985;FRANCE;2024;58;52;2,2;ASTERIX CHEZ LES BRETONS;Adventure,Animation,Comedy;Animation;95.83333333333334;tt0090667;Asterix in Britain;1986;originalTitle
TINTIN ET LE LAC AUX REQUINS;CHARLIER Jean-Michel;1972;BELGIQUE / FRANCE;2024;57;24;2,0;TINTIN ET LE LAC AUX REQUINS;Adventure,Animation,Crime;Animation;100.0;tt0069383;Tintin and the Lake of Sharks;1972;originalTitle
SCOUT TOUJOURS;JUGNOT Gérard;1985;FRANCE;2024;57;38;1,5;SCOUT TOUJOURS;Comedy;Comédie;100.0;tt0089977;Scout toujours...;1985;primaryTitle
TINTIN ET LE TEMPLE DU SOLEIL;LEBLANC Raymond;1969;BELGIQUE / FRANCE;2024;56;20;2,0;TINTIN ET LE TEMPLE DU SOLEIL;Adventure,Animation,Family;Animation;100.0;tt0065106;Seven Crystal Balls and the Prisoners of the Sun;1969;originalTitle
GRAND RESTAURANT (LE);BESNARD Jacques;1966;FRANCE;2024;54;30;1,0;GRAND RESTAURANT;Action,Comedy;Comédie;95.0;tt0061728;What's Cooking in Paris;1966;originalTitle
ASTERIX ET LE COUP DU MENHIR;GRIMOND Philippe;1988;FRANCE;2024;54;48;2,1;ASTERIX ET LE COUP DU MENHIR;Adventure,Animation,Comedy;Animation;96.42857142857143;tt0096842;Asterix and the Big Fight;1989;originalTitle
BOUGE;CORNUAU Jérôme;1997;FRANCE;2024;54;10;2,3;BOUGE;Comedy,Drama,Music;Comédie;100.0;tt0118757;Bouge!;1997;primaryTitle
VIE EST UN LONG FLEUVE TRANQUILLE (LA);CHATILIEZ Etienne;1987;FRANCE;2024;53;35;1,6;VIE EST UN LONG FLEUVE TRANQUILLE;Comedy;Comédie;95.65217391304348;tt0096386;Life Is a Long Quiet River;1988;originalTitle
KIRIKOU ET LA SORCIERE;OCELOT Michel;1995;FRANCE / BELGIQUE;2021;53;27;2,3;KIRIKOU ET LA SORCIERE;Adventure,Animation,Family;Animation;95.45454545454545;tt0181627;Kirikou and the Sorceress;1998;originalTitle
SOUS DOUES (LES);ZIDI Claude;1979;FRANCE;2024;52;34;1,3;SOUS DOUES;\N;;90.0;tt0095109;Es;1988;primaryTitle
ASTERIX ET LES INDIENS;HAHN Gerhard;1994;ALLEMAGNE;2024;51;45;2,0;ASTERIX ET LES INDIENS;Drama;Drame;90.0;tt0045994;Les;1953;primaryTitle
SOUS DOUES EN VACANCES (LES);ZIDI Claude;1981;FRANCE;2024;50;34;1,3;SOUS DOUES EN VACANCES;\N;;90.0;tt0159087;Vacances;1931;primaryTitle
FLIC OU VOYOU;LAUTNER Georges;1979;FRANCE;2024;50;33;1,3;FLIC OU VOYOU;Action,Comedy,Crime;Comédie;100.0;tt0077563;Cop or Hood;1979;originalTitle
BOUM (LA);PINOTEAU Claude;1980;FRANCE;2024;48;24;1,2;BOUM;Documentary;Documentaire;100.0;tt23630110;Boum;2022;primaryTitle
CERVEAU (LE);OURY Gérard;1968;FRANCE / ITALIE;2023;48;29;1,0;CERVEAU;Adventure,Comedy,Crime;Comédie;95.0;tt0064146;The Brain;1969;originalTitle
ON L APPELLE TRINITA;CLUCHER E. B.;1971;ITALIE / FRANCE;2023;46;22;1,2;ON L APPELLE TRINITA;Drama,History,War;Historique;90.0;tt0076842;Trini;1977;primaryTitle
GRAND BLEU (LE);BESSON Luc;1987;FRANCE;2023;46;37;1,4;GRAND BLEU;Adventure,Drama,Sport;Aventure;95.0;tt0095250;The Big Blue;1988;originalTitle
BANZAI;ZIDI Claude;1982;FRANCE;2024;46;32;1,2;BANZAI;Comedy;Comédie;100.0;tt0125670;Banzai;1997;primaryTitle
PACHA (LE);LAUTNER Georges;1967;FRANCE;2024;46;30;0,9;PACHA;Drama;Drame;100.0;tt2187005;Pacha;2012;primaryTitle
CARTOUCHE;DE BROCA Philippe;1961;FRANCE / Italie;2024;46;18;0,9;CARTOUCHE;Adventure;Aventure;100.0;tt0046736;Cartouche;1955;primaryTitle
OPERATION CORNED BEEF (L');POIRE Jean-Marie;1990;FRANCE;2024;45;34;1,5;OPERATION CORNED BEEF;Action,Comedy,Romance;Comédie;100.0;tt0100303;Operation Corned Beef;1991;primaryTitle
RETOUR DE LA MOMIE (LE);SOMMERS Stephen;2001;ETATS UNIS;2024;45;26;2,3;RETOUR DE LA MOMIE;Comedy,Fantasy,Horror;Comédie;90.0;tt0100172;Mom;1990;primaryTitle
P R O F S;SCHULMANN Patrick;1985;FRANCE;2024;44;31;1,2;P R O F S;Comedy;Comédie;100.0;tt0089762;P.R.O.F.S.;1985;primaryTitle
HEROINES;KRAWCZYK Gérard;1996;FRANCE;2023;44;4;1,8;HEROINES;Documentary;Documentaire;100.0;tt0296667;Heroines;2001;primaryTitle
11 COMMANDEMENTS (LES);DESAGNAT François;2003;FRANCE;2024;44;38;2,4;11 COMMANDEMENTS;Comedy;Comédie;95.0;tt0386695;The 11 Commandments;2004;originalTitle
TATIE DANIELLE;CHATILIEZ Etienne;1989;FRANCE;2024;43;31;1,3;TATIE DANIELLE;Comedy,Drama,Romance;Comédie;100.0;tt0100747;Auntie Danielle;1990;originalTitle
IL ETAIT UNE FOIS DANS L OUEST;LEONE Sergio;1969;ITALIE;2024;43;28;1,2;IL ETAIT UNE FOIS DANS L OUEST;Drama;Drame;94.73684210526316;tt0071649;Il était une fois dans l'est;1974;primaryTitle
NIKITA;BESSON Luc;1989;FRANCE;2021;43;31;1,4;NIKITA;Biography,Documentary;Drame;100.0;tt38747504;Nikita;2025;primaryTitle
TRAVERSEE DE PARIS (LA);AUTANT-LARA Claude;1956;FRANCE / Italie;2019;43;21;0,8;TRAVERSEE DE PARIS;Drama,Romance;Drame;90.0;tt0017251;Paris;1926;primaryTitle
PEAU D ANE;DEMY Jacques;1970;FRANCE;2021;43;19;0,9;PEAU D ANE;Crime,Drama,Mystery;Policier;95.23809523809523;tt0091737;Peau d'ange;1986;primaryTitle
RETOUR VERS LE FUTUR;ZEMECKIS Robert;1985;ETATS UNIS;2024;43;23;1,3;RETOUR VERS LE FUTUR;Adventure,Drama,History;Aventure;90.0;tt0086497;Utu;1983;primaryTitle
ASTERIX ET LES VIKINGS;FJELDMARK Stephan;2004;FRANCE;2024;43;34;2,7;ASTERIX ET LES VIKINGS;Comedy;Comédie;90.0;tt0029735;Viki;1937;primaryTitle
BOUM 2 (LA);PINOTEAU Claude;1982;FRANCE;2024;42;21;1,1;BOUM 2;Crime,Mystery,Thriller;Policier;90.0;tt0022100;M;1931;primaryTitle
FOUS DU STADE (LES);ZIDI Claude;1972;FRANCE;2017;42;26;1,0;FOUS DU STADE;Comedy,Romance,Sport;Comédie;95.0;tt0197485;Stadium Nuts;1972;originalTitle
GLOIRE DE MON PERE (LA);ROBERT Yves;1989;FRANCE;2024;42;27;1,4;GLOIRE DE MON PERE;Drama,Sci-Fi;Science-fiction;90.0;tt0067470;N.P.;1971;primaryTitle
COUP DE FOUDRE A NOTTING HILL;MICHELL Roger;1999;GRANDE BRETAGNE;2024;42;25;1,9;COUP DE FOUDRE A NOTTING HILL;Comedy,Drama,Romance;Comédie;90.0;tt0125439;Notting Hill;1999;primaryTitle
CAPITAN (LE);HUNEBELLE André;1960;FRANCE / Italie;2020;41;12;0,8;CAPITAN;Documentary,Sport;Drame;95.0;tt4257072;El Capitan;1978;primaryTitle
FANTOMAS SE DECHAINE;HUNEBELLE André;1965;FRANCE / ITALIE;2024;41;25;0,9;FANTOMAS SE DECHAINE;Crime,Drama;Policier;90.0;tt0028852;Fant;1937;primaryTitle
RAMBO;KOTCHEFF Ted;1982;ETATS UNIS;2024;41;17;1,1;RAMBO;Action,Thriller;Action;100.0;tt0462499;Rambo;2008;primaryTitle
QUATRE MARIAGES ET UN ENTERREMENT;NEWELL Mike;1994;GRANDE BRETAGNE;2024;41;27;1,5;QUATRE MARIAGES ET UN ENTERREMENT;Drama;Drame;90.0;tt0039608;Maria;1947;primaryTitle
LIGUE DES GENTLEMEN EXTRAORDINAIRES (LA);NORRINGTON Stephen;2003;ETATS UNIS;2024;41;25;2,3;LIGUE DES GENTLEMEN EXTRAORDINAIRES;Thriller;Thriller;90.0;tt12880042;Extra;\N;primaryTitle
JURASSIC PARK;SPIELBERG Steven;1992;ETATS UNIS;2024;41;22;1,5;JURASSIC PARK;Action,Adventure,Sci-Fi;Action;100.0;tt0107290;Jurassic Park;1993;primaryTitle
MAGNIFIQUE (LE);DE BROCA Philippe;1973;FRANCE;2024;40;20;0,9;MAGNIFIQUE;Biography,History;Historique;100.0;tt19865146;Magnifique!;\N;primaryTitle
NUIT D IVRESSE;NAUER Bernard;1986;FRANCE;2024;40;27;1,1;NUIT D IVRESSE;Comedy;Comédie;100.0;tt0091656;Nuit d'ivresse;1986;primaryTitle
POUR CENT BRIQUES T AS PLUS RIEN;MOLINARO Edouard;1982;FRANCE;2023;40;26;1,0;POUR CENT BRIQUES T AS PLUS RIEN;Comedy;Comédie;100.0;tt0084526;For 200 Grand, You Get Nothing Now;1982;originalTitle
HIBERNATUS;MOLINARO Edouard;1969;FRANCE / ITALIE;2024;40;22;0,9;HIBERNATUS;Comedy,Fantasy,Sci-Fi;Comédie;100.0;tt0064425;Hibernatus;1969;primaryTitle
ZIZANIE (LA);ZIDI Claude;1977;FRANCE;2023;40;25;0,9;ZIZANIE;Comedy;Comédie;95.0;tt0078528;La zizanie;1978;primaryTitle
TULIPE NOIRE (LA);CHRISTIAN-JAQUE;1963;FRANCE / ESPAGNE;2023;40;11;0,8;TULIPE NOIRE;Action,Adventure,Comedy;Comédie;95.0;tt0058692;The Black Tulip;1964;originalTitle
VILAINE;BENES Jean-Patrick;2007;France;2024;40;30;3,1;VILAINE;Comedy;Comédie;100.0;tt1132608;Ugly Melanie;2008;originalTitle
VERITE SI JE MENS (LA);GILOU Thomas;1996;FRANCE;2024;40;27;1,7;VERITE SI JE MENS;Drama;Drame;90.0;tt0015130;Men;1924;primaryTitle
CITE DE LA PEUR... (LA);BERBERIAN Alain;1993;FRANCE;2024;40;30;1,4;CITE DE LA PEUR;Comedy,Horror;Comédie;91.72413793103448;tt0109440;Fear City: A Family-Style Comedy;1994;originalTitle
FLIC DE BEVERLY HILLS (LE);BREST Martin;1984;ETATS UNIS;2023;39;21;1,1;FLIC DE BEVERLY HILLS;Adventure,Thriller;Aventure;90.0;tt0062951;Eve;1968;primaryTitle
FANTOMAS;HUNEBELLE André;1964;FRANCE / ITALIE;2023;39;23;0,8;FANTOMAS;Adventure,Comedy,Crime;Comédie;100.0;tt0058089;Fantomas;1964;primaryTitle
BANDE A PICSOU LE FILM (LA);COLLECTIF;1989;FRANCE;2023;39;26;1,3;BANDE A PICSOU LE FILM;Comedy;Comédie;90.0;tt0167936;Film;2000;primaryTitle
TOP GUN;SCOTT Tony;1986;ETATS UNIS;2024;39;28;1,1;TOP GUN;Drama,Western;Aventure;100.0;tt0048734;Top Gun;1955;primaryTitle
ETUDIANTE (L');PINOTEAU Claude;1988;FRANCE / ITALIE;2024;39;18;1,1;ETUDIANTE;\N;;90.0;tt0102617;Ôte;1991;primaryTitle
RETOUR VERS LE FUTUR II;ZEMECKIS Robert;1989;ETATS UNIS;2024;39;23;1,3;RETOUR VERS LE FUTUR II;Adventure,Drama,History;Aventure;90.0;tt0086497;Utu;1983;primaryTitle
DIABOLO MENTHE;KURYS Diane;1977;FRANCE;2024;39;17;0,9;DIABOLO MENTHE;Comedy,Drama,Romance;Comédie;100.0;tt0075939;Peppermint Soda;1977;originalTitle
FLIC DE BEVERLY HILLS 2 (LE);SCOTT Tony;1987;ETATS UNIS;2023;39;20;1,2;FLIC DE BEVERLY HILLS 2;Adventure,Thriller;Aventure;90.0;tt0062951;Eve;1968;primaryTitle
VIAGER (LE);TCHERNIA Pierre;1971;FRANCE;2023;39;26;0,8;VIAGER;Drama,Music,Musical;Comédie;90.0;tt0085574;G;1983;primaryTitle
FANTOMAS CONTRE SCOTLAND YARD;HUNEBELLE André;1966;FRANCE / ITALIE;2024;39;23;0,8;FANTOMAS CONTRE SCOTLAND YARD;Adventure,Comedy,Crime;Comédie;96.55172413793103;tt0060400;Fantomas vs. Scotland Yard;1967;originalTitle
FILLE DE D ARTAGNAN (LA);TAVERNIER Bertrand;1993;FRANCE;2023;39;15;1,4;FILLE DE D ARTAGNAN;Action,Adventure,Comedy;Comédie;95.0;tt0109798;Revenge of the Musketeers;1994;originalTitle
GHOST;ZUCKER Jerry;1990;ETATS UNIS;2024;38;23;1,3;GHOST;Drama,Fantasy,Romance;Fantastique;100.0;tt0099653;Ghost;1990;primaryTitle
PIEGE DE CRISTAL;MacTIERNAN John;1987;ETATS UNIS;2024;38;22;1,2;PIEGE DE CRISTAL;Drama,Horror,Mystery;Policier;90.0;tt0138704;Pi;1998;primaryTitle
RAMBO II;COSMATOS George P;1985;ETATS UNIS;2024;38;18;1,1;RAMBO II;Action,Adventure,Thriller;Action;94.11764705882352;tt0095956;Rambo III;1988;primaryTitle
GRAND BLOND AVEC UNE CHAUSSURE NOIRE (LE);ROBERT Yves;1972;FRANCE;2024;38;28;0,9;GRAND BLOND AVEC UNE CHAUSSURE NOIRE;Comedy,Mystery;Comédie;96.0;tt0068655;The Tall Blond Man with One Black Shoe;1972;originalTitle
CHATEAU DE MA MERE (LE);ROBERT Yves;1989;FRANCE;2024;38;20;1,2;CHATEAU DE MA MERE;Drama;Drame;90.0;tt0008050;Hate;1917;primaryTitle
CHAOS - TONY GIGLIO -;GIGLIO Tony;2004;GRANDE BRETAGNE;2024;38;23;2,5;CHAOS TONY GIGLIO;Comedy;Comédie;90.0;tt0239302;Cha;1989;primaryTitle
VISITEURS EN AMERIQUE (LES);POIRE Jean-Marie;2000;FRANCE;2024;38;25;1,9;VISITEURS EN AMERIQUE;Documentary;Documentaire;90.0;tt0286266;Site;1998;primaryTitle
MEN IN BLACK;SONNENFELD Barry;1997;ETATS UNIS;2024;38;23;1,7;MEN IN BLACK;Action,Adventure,Comedy;Comédie;100.0;tt0119654;Men in Black;1997;primaryTitle
RRRRRRR;CHABAT Alain;2003;FRANCE;2024;38;26;2,2;RRRRRRR;Comedy,Crime,Mystery;Comédie;100.0;tt0357111;RRRrrrr!!!;2004;primaryTitle
DIKKENEK;VAN HOOFSTADT Olivier;2005;FRANCE / BELGIQUE;2024;38;26;2,7;DIKKENEK;Comedy;Comédie;100.0;tt0456123;Dikkenek;2006;primaryTitle
MONDE PERDU JURASSIC PARK (LE);SPIELBERG Steven;1997;ETATS UNIS;2024;38;22;1,7;MONDE PERDU JURASSIC PARK;Action,Adventure,Sci-Fi;Action;90.0;tt0107290;Jurassic Park;1993;primaryTitle
PETIT BAIGNEUR (LE);DHERY Robert;1967;FRANCE;2024;37;21;0,8;PETIT BAIGNEUR;Comedy;Comédie;95.0;tt0062120;The Little Bather;1968;originalTitle
MUHAMMAD ALI THE GREATEST 1964 1974;KLEIN William;1974;FRANCE;2020;37;9;1,4;MUHAMMAD ALI THE GREATEST 1964 1974;\N;;95.0;tt29102679;Muhammad Ali, the Greatest;1974;primaryTitle
VENGEANCE DU SERPENT A PLUMES (LA);OURY Gérard;1984;FRANCE;2024;37;24;1,0;VENGEANCE DU SERPENT A PLUMES;Adventure,Comedy,Crime;Comédie;93.38983050847457;tt0088344;La vengeance du serpent à plumes;1984;primaryTitle
DIRTY DANCING;ARDOLINO Emile;1987;ETATS UNIS;2024;37;26;1,2;DIRTY DANCING;Drama,Music,Romance;Comédie;100.0;tt0092890;Dirty Dancing;1987;primaryTitle
TOUR MONTPARNASSE INFERNALE (LA);NEMES Charles;2000;FRANCE;2024;37;28;1,8;TOUR MONTPARNASSE INFERNALE;Comedy;Comédie;95.0;tt0259060;Don't Die Too Hard!;2001;originalTitle
REGRETS (LES);KAHN Cédric;2008;FRANCE;2024;37;1;3,1;REGRETS;\N;;100.0;tt0228771;Regrets;1998;primaryTitle
CACTUS (LE);BITTON Gerard;2005;FRANCE;2024;37;9;2,5;CACTUS;Drama,Romance;Drame;100.0;tt0090784;Cactus;1986;primaryTitle
CROISIERE (LA);POUZADOUX Pascale;2010;FRANCE;2024;36;24;4,0;CROISIERE;Comedy,Romance;Comédie;90.0;tt0047486;Sie;1954;primaryTitle
OURS (L');ANNAUD Jean-Jacques;1987;FRANCE;2024;36;23;1,1;OURS;Comedy;Comédie;90.0;tt0009855;23 1/2 Hours' Leave;1919;primaryTitle
COUP DE TETE;ANNAUD Jean-Jacques;1978;FRANCE;2022;36;19;0,9;COUP DE TETE;Crime,Drama;Policier;91.66666666666666;tt0195612;Coup de tête;1944;primaryTitle
MON NOM EST PERSONNE;VALERII Tonino;1973;ITALIE / FRANCE;2024;36;18;0,8;MON NOM EST PERSONNE;Comedy,Drama;Comédie;90.0;tt0053665;Son;1960;primaryTitle
AVENTURES DE ROBIN DES BOIS (LES);CURTIZ Michael;1938;ETATS UNIS;2024;36;8;0,7;AVENTURES DE ROBIN DES BOIS;Drama;Drame;90.0;tt0314582;Robin;1979;primaryTitle
YAMAKASI, LES 7 SAMOURAI DES TEMPS MODERNES (LES);ZEITOUN Ariel;2000;FRANCE;2022;36;27;1,7;YAMAKASI LES 7 SAMOURAI DES TEMPS MODERNES;Action,Crime,Drama;Policier;93.97590361445783;tt0267129;Yamakasi;2001;originalTitle
MAITRE D ECOLE (LE);BERRI Claude;1981;FRANCE;2023;35;24;0,9;MAITRE D ECOLE;Comedy,Romance;Comédie;90.0;tt0018033;It;1927;primaryTitle
PETIT MONDE DE DON CAMILLO (LE);DUVIVIER Julien;1951;ITALIE / FRANCE;2024;35;10;0,6;PETIT MONDE DE DON CAMILLO;Drama;Drame;90.0;tt6027948;Mill;\N;primaryTitle
RETOUR DU GRAND BLOND (LE);ROBERT Yves;1974;FRANCE;2024;35;19;0,8;RETOUR DU GRAND BLOND;Comedy;Comédie;95.0;tt0072080;The Return of the Tall Blond Man;1974;originalTitle
GHOSTBUSTERS SOS FANTOMES;REITMAN Ivan;1984;ETATS UNIS;2021;35;20;1,0;GHOSTBUSTERS SOS FANTOMES;Crime,Drama;Policier;90.0;tt0028852;Fant;1937;primaryTitle
CUISINE AU BEURRE (LA);GRANGIER Gilles;1963;FRANCE;2024;35;21;0,7;CUISINE AU BEURRE;Comedy;Comédie;95.0;tt0056969;My Wife's Husband;1963;originalTitle
ANGELIQUE MARQUISE DES ANGES;BORDERIE Bernard;1964;FRANCE / ALLEMAGNE;2024;35;19;0,7;ANGELIQUE MARQUISE DES ANGES;Adventure,Drama,History;Aventure;96.42857142857143;tt0057846;Angélique;1964;originalTitle
58 MINUTES POUR VIVRE;HARLIN Renny;1990;ETATS UNIS;2024;35;21;1,2;58 MINUTES POUR VIVRE;Drama,Romance;Drame;95.0;tt0062452;Live for Life;1967;originalTitle
CHASSEURS DE DRAGONS;HEMMEN François;2006;France / Luxembourg;2024;35;17;2,5;CHASSEURS DE DRAGONS;Action,Adventure,Animation;Animation;100.0;tt0944834;Dragon Hunters;2008;originalTitle
UNE JOURNEE EN ENFER;MacTIERNAN John;1994;ETATS UNIS;2024;35;23;1,3;UNE JOURNEE EN ENFER;Mystery;Policier;90.0;tt2042608;Nee;1966;primaryTitle
RASTA ROCKETT;TURTELTAUB Jon;1993;ETATS UNIS;2024;35;23;1,3;RASTA ROCKETT;Drama;Drame;90.0;tt0193548;Ta;1976;primaryTitle
TROIE;PETERSEN Wolfgang;2003;GRANDE BRETAGNE;2024;35;24;2,1;TROIE;Adventure,History;Aventure;100.0;tt7435138;The Three of Us;2025;originalTitle
ANGELIQUE ET LE ROY;BORDERIE Bernard;1965;FRANCE / ALLEMAGNE;2024;34;22;0,7;ANGELIQUE ET LE ROY;Adventure,History,Romance;Aventure;94.73684210526316;tt0058909;Angelique and the King;1966;originalTitle
MERVEILLEUSE ANGELIQUE;BORDERIE Bernard;1964;FRANCE / ALLEMAGNE;2024;34;14;0,7;MERVEILLEUSE ANGELIQUE;Adventure,History,Romance;Aventure;95.45454545454545;tt0058343;Merveilleuse Angélique;1965;primaryTitle
HOMME DE RIO (L');DE BROCA Philippe;1963;FRANCE / ITALIE;2021;34;9;0,6;HOMME DE RIO;Action,Adventure,Comedy;Comédie;95.0;tt0058203;That Man from Rio;1964;originalTitle
ARME FATALE (L');DONNER Richard;1987;ETATS UNIS;2024;34;17;1,0;ARME FATALE;Drama;Drame;90.0;tt0055159;Me;1961;primaryTitle
GREASE;KLEISER Randal;1978;ETATS UNIS;2024;34;20;0,9;GREASE;Comedy,Musical,Romance;Comédie;100.0;tt0077631;Grease;1978;primaryTitle
GRANDES VACANCES (LES);GIRAULT Jean;1967;FRANCE;2024;34;23;0,8;GRANDES VACANCES;Adventure,Comedy;Comédie;95.0;tt0060475;The Exchange Student;1967;originalTitle
ANGELIQUE ET LE SULTAN;BORDERIE Bernard;1967;FRANCE / ALLEMAGNE;2024;34;16;0,7;ANGELIQUE ET LE SULTAN;Adventure,Romance;Aventure;95.45454545454545;tt0061357;Angelique and the Sultan;1968;originalTitle
GENDARME DE SAINT TROPEZ (LE);GIRAULT Jean;1964;FRANCE / ITALIE;2024;34;23;0,7;GENDARME DE SAINT TROPEZ;Comedy;Comédie;95.0;tt0166335;Saint Tropez, Saint Tropez;1992;primaryTitle
GRAND BAZAR (LE);ZIDI Claude;1973;FRANCE;2024;34;19;0,8;GRAND BAZAR;Comedy;Comédie;95.0;tt0070128;The Big Store;1973;originalTitle
AVENTURIERS (LES);ENRICO Robert;1966;FRANCE;2024;34;10;0,7;AVENTURIERS;\N;;95.0;tt28947593;Les aventuriers;\N;primaryTitle
MARGINAL (LE);DERAY Jacques;1983;FRANCE;2024;34;23;0,9;MARGINAL;Documentary;Documentaire;100.0;tt6145074;Marginal;2016;primaryTitle
DERNIER DOMICILE CONNU;GIOVANNI José;1969;FRANCE / ITALIE;2023;34;17;0,7;DERNIER DOMICILE CONNU;Crime,Drama,Mystery;Policier;100.0;tt0064225;Last Known Address;1970;originalTitle
ARME FATALE II (L');DONNER Richard;1989;ETATS UNIS;2024;34;20;1,1;ARME FATALE II;Drama;Drame;90.0;tt0055159;Me;1961;primaryTitle
JUMANJI;JOHNSTON Joe;1995;ETATS UNIS;2024;34;19;1,4;JUMANJI;Adventure,Comedy,Family;Comédie;100.0;tt0113497;Jumanji;1995;primaryTitle
FORREST GUMP;ZEMECKIS Robert;1993;ETATS UNIS;2023;34;22;1,3;FORREST GUMP;Drama,Romance;Drame;100.0;tt0109830;Forrest Gump;1994;primaryTitle
BAD BOYS FLICS DE CHOCS;BAY Michael;1994;ETATS UNIS;2024;34;18;1,4;BAD BOYS FLICS DE CHOCS;Drama;Drame;90.0;tt0015641;Boy;1926;primaryTitle
ANGES GARDIENS (LES);POIRE Jean-Marie;1994;FRANCE;2023;34;23;1,3;ANGES GARDIENS;Action,Comedy,Crime;Comédie;95.0;tt0112366;Guardian Angels;1995;originalTitle
WASABI;KRAWCZYK Gérard;2001;FRANCE;2023;34;22;1,7;WASABI;Action,Comedy,Crime;Comédie;100.0;tt0281364;Wasabi;2001;primaryTitle
PALAIS ROYAL;LEMERCIER Valérie;2004;FRANCE / GRANDE BRETAGNE;2024;34;23;2,1;PALAIS ROYAL;Comedy;Comédie;100.0;tt0424338;Palais royal!;2005;primaryTitle
DIDIER;CHABAT Alain;1996;FRANCE;2024;34;26;1,4;DIDIER;Comedy,Fantasy,Sport;Comédie;100.0;tt0118976;Didier;1997;primaryTitle
LEON;BESSON Luc;1993;FRANCE;2024;34;21;1,3;LEON;Documentary;Documentaire;100.0;tt20764862;Leon;2023;primaryTitle
TAXI 3;KRAWCZYK Gérard;2001;FRANCE;2024;34;20;1,8;TAXI 3;Action,Comedy,Crime;Comédie;100.0;tt0295721;Taxi 3;2003;primaryTitle
PISCINE (LA);DERAY Jacques;1968;FRANCE / ITALIE;2024;33;12;0,7;PISCINE;Crime,Drama,Romance;Policier;95.0;tt0064816;The Swimming Pool;1969;originalTitle
TINTIN ET LE MYSTERE DE LA TOISON D OR;VIERNE Jean-Jacques;1961;FRANCE;2019;33;16;0,6;TINTIN ET LE MYSTERE DE LA TOISON D OR;Adventure,Comedy,Crime;Comédie;97.36842105263158;tt0055526;Tintin and the Mystery of the Golden Fleece;1961;originalTitle
LUCKY LUKE DAISY TOWN;GOSCINNY René;1970;FRANCE;2024;33;12;0,8;LUCKY LUKE DAISY TOWN;Action,Comedy,Sport;Comédie;90.0;tt0014228;Luck;1923;primaryTitle
NE NOUS FACHONS PAS;LAUTNER Georges;1965;FRANCE;2018;33;19;0,6;NE NOUS FACHONS PAS;Comedy,Crime;Comédie;94.73684210526316;tt0059499;Let's Not Get Angry;1966;originalTitle
PEUR SUR LA VILLE;VERNEUIL Henri;1974;FRANCE;2024;33;18;0,8;PEUR SUR LA VILLE;Action,Crime,Drama;Policier;100.0;tt0073535;The Night Caller;1975;originalTitle
ROBIN DES BOIS PRINCE DES VOLEURS;REYNOLDS Kevin;1990;GRANDE BRETAGNE;2024;33;22;1,1;ROBIN DES BOIS PRINCE DES VOLEURS;Romance;Romance;90.0;tt0064842;Prince;1969;primaryTitle
INSPECTEUR LABAVURE;ZIDI Claude;1980;FRANCE;2024;33;22;0,8;INSPECTEUR LABAVURE;Comedy,Crime;Comédie;97.43589743589743;tt0080929;Inspector Blunder;1980;originalTitle
VIENS CHEZ MOI J HABITE CHEZ...;LECONTE Patrice;1980;FRANCE;2024;33;23;0,8;VIENS CHEZ MOI J HABITE CHEZ;Comedy;Comédie;95.0;tt0083287;Viens chez moi, j'habite chez une copine;1981;primaryTitle
ROIS MAGES (LES);BOURDON Didier;2001;FRANCE;2024;33;25;1,7;ROIS MAGES;Comedy,Fantasy;Comédie;95.0;tt0286009;Les rois mages;2001;primaryTitle
BILLY ELLIOT;DALDRY Stephen;2000;GRANDE BRETAGNE;2024;33;23;1,7;BILLY ELLIOT;Drama,Music;Comédie;100.0;tt0249462;Billy Elliot;2000;primaryTitle
MAMMA MIA;LLOYD Phyllida;2007;GRANDE BRETAGNE;2024;33;19;2,5;MAMMA MIA;Comedy,Musical,Romance;Comédie;100.0;tt0795421;Mamma Mia!;2008;primaryTitle
FLIC DE BEVERLY HILLS 3 (LE);LANDIS John;1993;ETATS UNIS;2023;33;20;1,2;FLIC DE BEVERLY HILLS 3;Adventure,Thriller;Aventure;90.0;tt0062951;Eve;1968;primaryTitle
PLACARD (LE);VEBER Francis;2000;FRANCE;2023;33;22;1,6;PLACARD;Comedy;Comédie;95.0;tt0243493;The Closet;2001;originalTitle
TOUR DU MONDE EN 80 JOURS (LE);CORACI Frank;2004;GRANDE BRETAGNE;2022;33;22;2,1;TOUR DU MONDE EN 80 JOURS;Action,Adventure;Action;90.0;tt1346260;Du mo;1991;primaryTitle
GREMLINS;DANTE Joe;1984;ETATS UNIS;2024;32;17;0,9;GREMLINS;Comedy,Fantasy,Horror;Comédie;100.0;tt0087363;Gremlins;1984;primaryTitle
GENDARME A NEW YORK (LE);GIRAULT Jean;1965;FRANCE / ITALIE;2024;32;22;0,7;GENDARME A NEW YORK;Drama,Music,Musical;Comédie;95.0;tt0076451;New York, New York;1977;primaryTitle
CRIME DE L ORIENT EXPRESS (LE);LUMET Sidney;1974;GRANDE BRETAGNE;2024;32;15;0,7;CRIME DE L ORIENT EXPRESS;\N;;90.0;tt0018239;Orient Express;1927;primaryTitle
RAMBO III;MacDONALD Peter;1988;ETATS UNIS;2024;32;18;1,0;RAMBO III;Action,Adventure,Thriller;Action;100.0;tt0095956;Rambo III;1988;primaryTitle
UN PONT TROP LOIN;ATTENBOROUGH Richard;1977;ETATS UNIS;2024;32;20;0,8;UN PONT TROP LOIN;Drama,Sci-Fi;Science-fiction;90.0;tt0067470;N.P.;1971;primaryTitle
COURSE A L ECHALOTE (LA);ZIDI Claude;1975;FRANCE;2024;32;16;0,7;COURSE A L ECHALOTE;Comedy;Comédie;90.0;tt0239302;Cha;1989;primaryTitle
COUP DU PARAPLUIE (LE);OURY Gérard;1980;FRANCE;2023;32;15;0,8;COUP DU PARAPLUIE;Adventure,Comedy,Crime;Comédie;95.0;tt0080565;The Umbrella Coup;1980;originalTitle
CANONS DE NAVARONE (LES);LEE THOMPSON Jack;1960;GRANDE BRETAGNE;2023;32;14;0,7;CANONS DE NAVARONE;Drama;Drame;90.0;tt0142735;One;1997;primaryTitle
OSCAR;MOLINARO Edouard;1967;FRANCE;2022;32;19;0,7;OSCAR;Comedy;Comédie;100.0;tt0062083;Oscar;1967;primaryTitle
GENDARME SE MARIE (LE);GIRAULT Jean;1968;FRANCE / ITALIE;2024;32;22;0,7;GENDARME SE MARIE;Comedy,Romance;Comédie;95.0;tt0063005;The Gendarme Gets Married;1968;originalTitle
POUIC POUIC;GIRAULT Jean;1963;FRANCE;2023;32;13;0,6;POUIC POUIC;Comedy;Comédie;100.0;tt0057422;Squeak-squeak;1963;originalTitle
INDOMPTABLE ANGELIQUE 1ERE EPOQUE;BORDERIE Bernard;1967;FRANCE / ALLEMAGNE;2022;32;16;0,6;INDOMPTABLE ANGELIQUE 1ERE EPOQUE;Comedy,Drama,Romance;Comédie;90.0;tt0028575;Angel;1937;primaryTitle
GUERRE DES BOUTONS (LA);ROBERT Yves;1961;FRANCE;2017;32;15;0,8;GUERRE DES BOUTONS;Comedy,Family;Comédie;95.0;tt0054949;War of the Buttons;1962;originalTitle
TEMPS MODERNES (LES);CHAPLIN Charles;1935;ETATS UNIS;2021;32;9;0,5;TEMPS MODERNES;\N;;90.0;tt0095109;Es;1988;primaryTitle
MISERABLES (LES);DREYFUS Jean-Paul;1957;FRANCE / Italie;2016;32;12;0,6;MISERABLES;Adventure,Crime,Drama;Policier;95.0;tt0044907;Les Miserables;1952;primaryTitle
ROBIN DES BOIS - RIDLEY SCOTT -;SCOTT Ridley;2010;GRANDE BRETAGNE;2024;32;19;2,7;ROBIN DES BOIS RIDLEY SCOTT;Drama;Drame;90.0;tt0314582;Robin;1979;primaryTitle
TAIS-TOI;VEBER Francis;2002;FRANCE / ITALIE;2024;32;22;1,9;TAIS TOI;Comedy,Crime;Comédie;100.0;tt0310203;Ruby & Quentin;2003;originalTitle
TRANSPORTEUR (LE);LETERRIER Louis;2002;FRANCE;2024;32;21;1,7;TRANSPORTEUR;Action,Drama,War;Action;90.0;tt0089881;Ran;1985;primaryTitle
MEN IN BLACK II;SONNENFELD Barry;2002;ETATS UNIS;2024;32;20;1,7;MEN IN BLACK II;Action,Adventure,Comedy;Comédie;100.0;tt0120912;Men in Black II;2002;primaryTitle
SISTER ACT;ARDOLINO Emile;1992;ETATS UNIS;2024;32;18;1,1;SISTER ACT;Comedy,Family,Music;Comédie;100.0;tt0105417;Sister Act;1992;primaryTitle
LARGO WINCH;SALLE Jerome;2008;FRANCE;2024;32;21;2,5;LARGO WINCH;Action,Thriller;Action;100.0;tt0808339;The Heir Apparent: Largo Winch;2008;originalTitle
HOOK;SPIELBERG Steven;1991;ETATS UNIS;2024;32;19;1,1;HOOK;Adventure,Comedy,Family;Comédie;100.0;tt0102057;Hook;1991;primaryTitle
IRON MAN;FAVREAU John;2007;ETATS UNIS;2024;32;21;2,5;IRON MAN;Drama,Film-Noir,Sport;Drame;100.0;tt0043678;Iron Man;1951;primaryTitle
BOSSU - PHILIPPE DE BROCA - (LE);DE BROCA Philippe;1997;FRANCE;2024;32;19;1,3;BOSSU PHILIPPE DE BROCA;\N;;90.0;tt0120614;Boss;1998;primaryTitle
HISTOIRE SANS FIN (L');PETERSEN Wolfgang;1984;ALLEMAGNE;2024;31;18;0,9;HISTOIRE SANS FIN;Drama;Drame;90.0;tt0890887;Toi;2007;primaryTitle
QUELQUES MESSIEURS TROP TRANQUILLES;LAUTNER Georges;1972;FRANCE;2019;31;14;0,7;QUELQUES MESSIEURS TROP TRANQUILLES;Comedy,Crime,Mystery;Comédie;100.0;tt0069146;Some Too Quiet Gentlemen;1973;originalTitle
DEUX HOMMES DANS LA VILLE;GIOVANNI José;1973;FRANCE / ITALIE;2020;31;13;0,7;DEUX HOMMES DANS LA VILLE;Crime,Drama;Policier;100.0;tt0069967;Two Men in Town;1973;originalTitle
ALI BABA ET LES 40 VOLEURS;BECKER Jacques;1954;FRANCE;2022;31;11;0,5;ALI BABA ET LES 40 VOLEURS;Comedy,Fantasy,Romance;Comédie;100.0;tt0046695;Ali Baba and the Forty Thieves;1954;originalTitle
MAMAN J AI RATE L AVION;COLUMBUS Chris;1990;ETATS UNIS;2024;31;16;1,0;MAMAN J AI RATE L AVION;Crime;Policier;90.0;tt0097820;Maman;1990;primaryTitle
TINTIN ET LES ORANGES BLEUES;CONDROYER Philippe;1964;FRANCE / ESPAGNE;2019;31;16;0,6;TINTIN ET LES ORANGES BLEUES;Adventure,Comedy,Crime;Comédie;100.0;tt0058663;Tintin and the Blue Oranges;1964;originalTitle
PRETTY WOMAN;MARSHALL Garry;1990;ETATS UNIS;2024;31;23;1,0;PRETTY WOMAN;Comedy,Romance;Comédie;100.0;tt0100405;Pretty Woman;1990;primaryTitle
BALLADE DES DALTON (LA);GOSCINNY René;1977;FRANCE;2024;31;12;0,8;BALLADE DES DALTON;Animation,Comedy,Crime;Animation;95.0;tt0077204;Lucky Luke: Ballad of the Daltons;1978;originalTitle
CAGE AUX FOLLES (LA);MOLINARO Edouard;1978;ITALIE / FRANCE;2019;31;16;0,8;CAGE AUX FOLLES;Comedy;Comédie;95.0;tt0077288;La Cage aux Folles;1978;primaryTitle
TOTALE (LA);ZIDI Claude;1991;FRANCE;2023;31;22;1,0;TOTALE;Comedy,Drama;Comédie;90.0;tt0083218;Die totale Familie;1982;primaryTitle
ARME FATALE III (L');DONNER Richard;1992;ETATS UNIS;2024;31;19;1,1;ARME FATALE III;Drama;Drame;90.0;tt0055159;Me;1961;primaryTitle
TAXI 2;KRAWCZYK Gérard;1999;FRANCE;2023;31;20;1,4;TAXI 2;Action,Comedy,Crime;Comédie;100.0;tt0183869;Taxi 2;2000;primaryTitle
I, ROBOT;PROYAS Alex;2004;ETATS UNIS;2023;31;20;1,9;I ROBOT;Action,Mystery,Sci-Fi;Policier;100.0;tt0343818;I, Robot;2004;primaryTitle
SLUMDOG MILLIONAIRE;BOYLE Danny;2008;GRANDE BRETAGNE;2024;31;19;2,6;SLUMDOG MILLIONAIRE;Crime,Drama,Romance;Policier;100.0;tt1010048;Slumdog Millionaire;2008;primaryTitle
ON NE CHOISIT PAS SA FAMILLE;CLAVIER Christian;2011;FRANCE;2024;31;9;3,1;ON NE CHOISIT PAS SA FAMILLE;Comedy;Comédie;100.0;tt1726889;You Don't Choose Your Family;2011;originalTitle
OSS 117 LE CAIRE NID D ESPIONS;HAZANAVICIUS Michel;2005;FRANCE;2024;31;18;2,1;OSS 117 LE CAIRE NID D ESPIONS;Action,Adventure,Comedy;Comédie;100.0;tt0464913;OSS 117: Cairo, Nest of Spies;2006;originalTitle
FABULEUX DESTIN D AMELIE POULAIN (LE);JEUNET Jean-Pierre;2000;FRANCE / ALLEMAGNE;2024;31;22;1,5;FABULEUX DESTIN D AMELIE POULAIN;Comedy,Romance;Comédie;92.53731343283582;tt0211915;Amélie;2001;originalTitle
T4XI;KRAWCZYK Gérard;2006;France;2024;31;15;2,1;T4XI;Drama;Drame;90.0;tt0092244;X;1986;primaryTitle
PLUS BEAU METIER DU MONDE (LE);LAUZIER Gérard;1996;FRANCE;2023;31;22;1,2;PLUS BEAU METIER DU MONDE;Comedy,Drama;Comédie;90.56603773584906;tt0117351;The Best Job in the World;1996;originalTitle
MRS DOUBTFIRE;COLUMBUS Chris;1993;ETATS UNIS;2024;31;19;1,2;MRS DOUBTFIRE;Comedy,Drama,Family;Comédie;100.0;tt0107614;Mrs. Doubtfire;1993;primaryTitle
ALIVE;BERTHE Frederic;2003;FRANCE / BELGIQUE;2024;31;4;1,9;ALIVE;Biography,Drama,Thriller;Drame;100.0;tt0106246;Alive;1993;primaryTitle
LIGNE VERTE (LA);DARABONT Franck;2000;ETATS UNIS;2024;31;21;1,5;LIGNE VERTE;\N;;90.0;tt0102617;Ôte;1991;primaryTitle
DERNIER EMPEREUR (LE);BERTOLUCCI Bernardo;1987;ITALIE;2024;30;19;0,9;DERNIER EMPEREUR;Crime,Drama;Policier;90.0;tt0071984;Per;1975;primaryTitle
SOLITAIRE (LE);DERAY Jacques;1986;FRANCE;2024;30;21;0,9;SOLITAIRE;Drama;Drame;100.0;tt0102955;Solitaire;1991;primaryTitle
GENDARME EN BALADE (LE);GIRAULT Jean;1970;FRANCE;2024;30;20;0,6;GENDARME EN BALADE;Comedy,Crime;Comédie;95.0;tt0065769;The Gendarme Takes Off;1970;originalTitle
MAIGRET TEND UN PIEGE;DELANNOY Jean;1957;FRANCE / ITALIE;2024;30;9;0,5;MAIGRET TEND UN PIEGE;Crime,Drama,Mystery;Policier;95.23809523809523;tt0050669;Inspector Maigret;1958;originalTitle
RETOUR VERS LE FUTUR III;ZEMECKIS Robert;1990;ETATS UNIS;2024;30;20;1,0;RETOUR VERS LE FUTUR III;Adventure,Drama,History;Aventure;90.0;tt0086497;Utu;1983;primaryTitle
VACHE ET LE PRISONNIER (LA);VERNEUIL Henri;1959;FRANCE / Italie;2023;30;13;0,6;VACHE ET LE PRISONNIER;Adventure,Comedy,War;Comédie;95.0;tt0053403;The Cow and I;1959;originalTitle
FAITES SAUTER LA BANQUE;GIRAULT Jean;1963;FRANCE;2024;30;16;0,6;FAITES SAUTER LA BANQUE;Comedy,Crime;Comédie;100.0;tt0057051;Let's Rob the Bank;1964;originalTitle
SOLEIL ROUGE;YOUNG Terence;1971;FRANCE;2024;30;16;0,6;SOLEIL ROUGE;Sci-Fi;Science-fiction;100.0;tt3357900;Soleil Rouge;2021;primaryTitle
MELODIE EN SOUS SOL;VERNEUIL Henri;1962;FRANCE / ITALIE;2024;30;10;0,6;MELODIE EN SOUS SOL;Crime,Drama,Romance;Policier;94.73684210526316;tt0057344;Any Number Can Win;1963;originalTitle
MORT SUR LE NIL;GUILLERMIN John;1978;GRANDE BRETAGNE;2021;30;17;0,7;MORT SUR LE NIL;Comedy,Crime;Comédie;90.0;tt0117068;Mo';1995;primaryTitle
THE GOONIES;DONNER Richard;1985;ETATS UNIS;2024;30;17;0,9;THE GOONIES;Adventure,Comedy,Family;Comédie;100.0;tt0089218;The Goonies;1985;primaryTitle
SAMOURAI (LE);MELVILLE Jean-Pierre;1967;FRANCE / ITALIE;2024;30;8;0,6;SAMOURAI;Drama,War;Historique;93.33333333333333;tt0134944;Samurai;1945;primaryTitle
TU PEUX GARDER UN SECRET;ARCADY Alexandre;2007;France;2024;30;7;2,3;TU PEUX GARDER UN SECRET;Comedy,Romance;Comédie;100.0;tt1064976;Tu peux garder un secret?;2008;primaryTitle
JOHNNY ENGLISH;HOWITT Peter;2003;GRANDE BRETAGNE;2024;30;17;1,7;JOHNNY ENGLISH;Action,Adventure,Comedy;Comédie;100.0;tt0274166;Johnny English;2003;primaryTitle
STALINGRAD - JEAN-JACQUES ANNAUD -;ANNAUD Jean-Jacques;2001;ALLEMAGNE;2024;30;20;1,5;STALINGRAD JEAN JACQUES ANNAUD;Crime,Drama;Policier;90.0;tt0028089;Anna;1936;primaryTitle
RANDONNEURS (LES);HAREL Philippe;1996;FRANCE;2024;30;20;1,2;RANDONNEURS;Comedy,Romance;Comédie;95.0;tt0119981;Hikers;1997;originalTitle
CODE MERCURY;BECKER Harold;1998;ETATS UNIS;2024;30;20;1,3;CODE MERCURY;Drama;Drame;90.0;tt0055159;Me;1961;primaryTitle
COMME T Y ES BELLE;AZUELOS Lisa;2004;FRANCE / GRANDE BRETAGNE;2022;30;24;2,0;COMME T Y ES BELLE;Comedy,Romance;Comédie;100.0;tt0469055;Hey Good Looking!;2006;originalTitle
SOIF DE L OR (LA);OURY Gérard;1992;FRANCE;2024;30;23;1,1;SOIF DE L OR;Adventure,Comedy,Crime;Comédie;95.0;tt0108179;Thirst for Gold;1993;originalTitle
ARTHUR ET LES MINIMOYS;BESSON Luc;2004;FRANCE;2024;30;21;2,0;ARTHUR ET LES MINIMOYS;Adventure,Animation,Comedy;Animation;100.0;tt0344854;Arthur and the Invisibles;2006;originalTitle
7 ANS DE MARIAGE...;BOURDON Didier;2003;FRANCE;2024;30;22;1,7;7 ANS DE MARIAGE;Comedy;Comédie;100.0;tt0339525;Married for 7 Years;2003;originalTitle
GAZON MAUDIT;BALASKO Josiane;1994;FRANCE;2021;30;21;1,1;GAZON MAUDIT;Comedy,Romance;Comédie;100.0;tt0113149;French Twist;1995;originalTitle
X-MEN;SINGER Bryan;2000;ETATS UNIS;2021;30;17;1,4;X MEN;Action,Adventure,Sci-Fi;Action;100.0;tt0120903;X-Men;2000;primaryTitle
FAST AND FURIOUS 4;LIN Justin;2008;ETATS UNIS;2024;30;16;2,3;FAST AND FURIOUS 4;Comedy,Sport;Comédie;95.0;tt0017866;Fast and Furious;1927;primaryTitle
MUNE LE GARDIEN DE LA LUNE;PHILIPPON Benoît;2014;FRANCE;2024;29;8;4,8;MUNE LE GARDIEN DE LA LUNE;Adventure,Animation,Comedy;Animation;100.0;tt3858372;Mune: Guardian of the Moon;2014;originalTitle
TOUCHEZ PAS AU GRISBI;BECKER Jacques;1953;FRANCE / Italie;2024;29;10;0,7;TOUCHEZ PAS AU GRISBI;Crime,Drama;Policier;100.0;tt0046451;Touchez pas au grisbi;1954;primaryTitle
UNION SACREE (L');ARCADY Alexandre;1988;FRANCE;2020;29;23;0,9;UNION SACREE;\N;;91.66666666666666;tt0209454;Union sacrée;1915;primaryTitle
MEURTRE AU SOLEIL;HAMILTON Guy;1981;GRANDE BRETAGNE;2024;29;15;0,8;MEURTRE AU SOLEIL;Drama;Drame;90.0;tt0019404;Sole!;1929;primaryTitle
MOUTARDE ME MONTE AU NEZ (LA);ZIDI Claude;1974;FRANCE;2023;29;12;0,6;MOUTARDE ME MONTE AU NEZ;Comedy;Comédie;95.0;tt0071863;I'm Losing My Temper;1974;originalTitle
JEUX INTERDITS;CLEMENT René;1951;FRANCE;2024;29;13;0,6;JEUX INTERDITS;Drama,War;Historique;100.0;tt0043686;Forbidden Games;1952;originalTitle
ENFANTS DU PARADIS (LES);CARNE Marcel;1945;FRANCE;2012;29;5;0,5;ENFANTS DU PARADIS;Drama,Romance;Drame;95.0;tt0037674;Children of Paradise;1945;originalTitle
POINT BREAK EXTREME LIMITE;BIGELOW Kathryn;1991;ETATS UNIS;2024;29;11;1,0;POINT BREAK EXTREME LIMITE;Drama,Romance;Drame;90.0;tt0022080;Limit;1931;primaryTitle
GUIGNOLO (LE);LAUTNER Georges;1979;FRANCE / ITALIE;2015;29;19;0,7;GUIGNOLO;Action,Comedy,Crime;Comédie;95.0;tt0079252;Le Guignolo;1980;primaryTitle
ROMUALD ET JULIETTE;SERREAU Coline;1988;FRANCE;2020;29;23;0,9;ROMUALD ET JULIETTE;Comedy,Drama,Romance;Comédie;100.0;tt0098220;Mama, There's a Man in Your Bed;1989;originalTitle
COMPERES (LES);VEBER Francis;1983;FRANCE;2024;29;20;0,8;COMPERES;Crime,Mystery,Thriller;Policier;90.0;tt0022100;M;1931;primaryTitle
TRIBULATIONS D UN CHINOIS EN CHINE (LES);DE BROCA Philippe;1965;FRANCE / ITALIE;2024;29;7;0,5;TRIBULATIONS D UN CHINOIS EN CHINE;Action,Adventure,Comedy;Comédie;95.0;tt0059831;Up to His Ears;1965;originalTitle
PINOT SIMPLE FLIC;JUGNOT Gérard;1984;FRANCE;2017;29;23;0,8;PINOT SIMPLE FLIC;Comedy,Drama;Comédie;100.0;tt0087917;Pinot simple flic;1984;primaryTitle
ESPION LEVE TOI;BOISSET Yves;1981;FRANCE;2021;29;16;0,7;ESPION LEVE TOI;Crime,Drama,Thriller;Policier;93.33333333333333;tt0082342;Espion, lève-toi;1982;primaryTitle
TAKEN;MOREL Pierre;2007;France;2024;29;16;2,2;TAKEN;Drama,Thriller;Drame;100.0;tt0208495;Taken;1999;primaryTitle
AUBERGE ESPAGNOLE (L');KLAPISCH Cédric;2001;FRANCE / ESPAGNE;2024;29;18;1,5;AUBERGE ESPAGNOLE;Comedy,Drama,Romance;Comédie;95.0;tt0283900;The Spanish Apartment;2002;originalTitle
X MEN II;SINGER Bryan;2002;ETATS UNIS;2021;29;19;1,6;X MEN II;Comedy;Comédie;95.0;tt0110489;Men Men Men;1995;primaryTitle
BATMAN BEGINS;NOLAN Christopher;2004;ETATS UNIS;2024;29;18;1,8;BATMAN BEGINS;Action,Crime,Drama;Policier;100.0;tt0372784;Batman Begins;2005;primaryTitle
COYOTE GIRLS;MacNALLY David;2000;ETATS UNIS;2024;29;19;1,5;COYOTE GIRLS;Comedy,Musical;Comédie;95.0;tt0056023;Girls! Girls! Girls!;1962;primaryTitle
TANGUY;CHATILIEZ Etienne;2001;FRANCE;2023;29;22;1,5;TANGUY;Comedy;Comédie;100.0;tt0274155;Tanguy;2001;primaryTitle
SPEED - GRAHAM YOST -;DE BONT Jan;1993;ETATS UNIS;2023;29;19;1,1;SPEED GRAHAM YOST;Action,Drama;Action;90.0;tt0013630;Speed;1922;primaryTitle
ARTHUR ET LA VENGEANCE DE MALTAZARD;BESSON Luc;2008;FRANCE;2024;29;18;2,4;ARTHUR ET LA VENGEANCE DE MALTAZARD;Adventure,Animation,Family;Animation;100.0;tt0940657;Arthur and the Revenge of Maltazard;2009;originalTitle
GENS EN MAILLOT DE BAIN... NE SONT P (LES);ASSOUS Eric;1999;FRANCE;2024;29;18;1,4;GENS EN MAILLOT DE BAIN NE SONT P;Comedy,Romance;Comédie;90.0;tt0237106;People in Swimsuits Aren't (Necessarily) Shallow;2001;originalTitle
EVADES (LES) - FRANK DARABONT -;DARABONT Franck;1994;ETATS UNIS;2024;29;23;1,1;EVADES LES FRANK DARABONT;Drama;Drame;90.0;tt0089166;Fran;1985;primaryTitle
BRICE DE NICE;HUTH James;2004;FRANCE;2024;29;21;1,7;BRICE DE NICE;Comedy;Comédie;100.0;tt0412535;The Brice Man;2005;originalTitle
TRIPLETTES DE BELLEVILLE (LES);CHOMET Sylvain;2000;FRANCE / CANADA;2022;29;17;1,5;TRIPLETTES DE BELLEVILLE;Adventure,Animation,Comedy;Animation;95.0;tt0286244;The Triplets of Belleville;2003;originalTitle
COMME UN CHEF;COHEN Daniel;2011;FRANCE  / ESPAGNE;2024;28;16;3,1;COMME UN CHEF;Comedy,Drama;Comédie;100.0;tt1911553;The Chef;2012;originalTitle
POUR UNE POIGNEE DE DOLLARS;LEONE Sergio;1964;ITALIE;2024;28;19;0,8;POUR UNE POIGNEE DE DOLLARS;Comedy;Comédie;90.0;tt0030066;Dollar;1938;primaryTitle
DICTATEUR (LE);CHAPLIN Charles;1940;ETATS UNIS;2021;28;8;0,6;DICTATEUR;Drama;Drame;90.0;tt0084091;At;1982;primaryTitle
BON LA BRUTE ET LE TRUAND (LE);LEONE Sergio;1966;ITALIE;2024;28;21;0,7;BON LA BRUTE ET LE TRUAND;Documentary;Documentaire;95.0;tt30647588;L'usine, le bon, la brute et le truand;2024;primaryTitle
CESAR ET ROSALIE;SAUTET Claude;1972;FRANCE;2023;28;12;0,6;CESAR ET ROSALIE;Drama,Romance;Drame;95.0;tt0068441;Cesar & Rosalie;1972;primaryTitle
SHOAH;LANZMANN Claude;1979;SUISSE / FRANCE;2024;28;16;0,8;SHOAH;Documentary,History,War;Historique;100.0;tt0090015;Shoah;1985;primaryTitle
BONS BAISERS DE RUSSIE;YOUNG Terence;1963;GRANDE BRETAGNE;2023;28;15;0,8;BONS BAISERS DE RUSSIE;Drama;Drame;90.0;tt0024583;Sôbô;1933;primaryTitle
FEMME DE MON POTE (LA);BLIER Bertrand;1983;FRANCE;2020;28;17;0,8;FEMME DE MON POTE;Comedy,Drama,Romance;Comédie;95.0;tt0085529;My Best Friend's Girl;1983;originalTitle
COUP DE TORCHON;TAVERNIER Bertrand;1981;FRANCE;2024;28;11;0,7;COUP DE TORCHON;Comedy,Crime,Drama;Comédie;100.0;tt0082206;Coup de torchon;1981;primaryTitle
SOS FANTOMES II;REITMAN Ivan;1989;ETATS UNIS;2021;28;12;0,9;SOS FANTOMES II;Crime,Drama;Policier;90.0;tt0028852;Fant;1937;primaryTitle
ADIEU POULET;GRANIER-DEFERRE Pierre;1975;FRANCE;2023;28;16;0,6;ADIEU POULET;Crime,Drama;Policier;100.0;tt0072603;The French Detective;1975;originalTitle
ET DIEU CREA LA FEMME;VADIM Roger;1956;FRANCE;2018;28;8;0,6;ET DIEU CREA LA FEMME;Drama,Romance;Drame;95.23809523809523;tt0049189;...And God Created Woman;1956;originalTitle
TERMINATOR 2;CAMERON James;1991;ETATS UNIS;2024;28;15;1,0;TERMINATOR 2;Drama;Drame;95.0;tt37959108;Terminator;\N;primaryTitle
JAMES BOND 007 CONTRE DR NO;YOUNG Terence;1962;GRANDE BRETAGNE;2020;28;16;0,8;JAMES BOND 007 CONTRE DR NO;Action,Adventure,Thriller;Action;90.0;tt0055928;Dr. No;1962;primaryTitle
TROU NORMAND (LE);BOYER Jean;1952;FRANCE;2017;28;17;0,5;TROU NORMAND;Comedy;Comédie;95.0;tt0045265;Crazy for Love;1952;originalTitle
MARCHE A L OMBRE;BLANC Michel;1984;FRANCE;2024;28;17;0,8;MARCHE A L OMBRE;Comedy,Drama;Comédie;95.0;tt0087681;Marche à l'ombre;1984;primaryTitle
MALHEURS D ALFRED (LES);RICHARD Pierre;1971;FRANCE;2020;28;13;0,6;MALHEURS D ALFRED;Comedy,Romance,Sport;Comédie;95.0;tt0067385;The Troubles of Alfred;1972;originalTitle
TROIS HOMMES ET UN COUFFIN;SERREAU Coline;1985;FRANCE;2024;28;13;0,8;TROIS HOMMES ET UN COUFFIN;Comedy;Comédie;90.47619047619048;tt0090206;Three Men and a Cradle;1985;originalTitle
SALAIRE DE LA PEUR (LE);CLOUZOT Henri-Georges;1951;FRANCE / Italie;2022;28;11;0,5;SALAIRE DE LA PEUR;Adventure,Drama,Thriller;Aventure;95.0;tt0046268;The Wages of Fear;1953;originalTitle
SHERLOCK HOLMES - GUY RITCHIE -;RITCHIE Guy;2008;GRANDE BRETAGNE;2024;28;16;2,3;SHERLOCK HOLMES GUY RITCHIE;Crime,Mystery;Policier;90.0;tt0007338;Sherlock Holmes;1916;primaryTitle
GOOD BYE LENIN;BECKER Wolfgang;2003;ALLEMAGNE;2023;28;9;1,6;GOOD BYE LENIN;Comedy,Drama,Romance;Comédie;100.0;tt0301357;Good Bye Lenin!;2003;primaryTitle
MASQUE DE L ARAIGNEE (LE);TAMAHORI Lee;2001;ETATS UNIS;2024;28;21;1,4;MASQUE DE L ARAIGNEE;\N;;90.0;tt0107527;Masque;1993;primaryTitle
ET AU MILIEU COULE UNE RIVIERE;REDFORD Robert;1992;ETATS UNIS;2024;28;16;1,0;ET AU MILIEU COULE UNE RIVIERE;Drama,Family,Musical;Comédie;90.0;tt0073391;Mili;1975;primaryTitle
JURASSIC PARK III;JOHNSTON Joe;2001;ETATS UNIS;2024;28;19;1,4;JURASSIC PARK III;Action,Adventure,Sci-Fi;Action;100.0;tt0163025;Jurassic Park III;2001;primaryTitle
THE QUEEN;FREARS Stephen;2005;GRANDE BRETAGNE / FRANCE;2024;28;16;2,0;THE QUEEN;Documentary;Documentaire;100.0;tt0063477;The Queen;1968;primaryTitle
TOUS A L OUEST UNE AVENTURE DE LUCKY LUK;JEAN MARIE Olivier;2006;France;2024;28;18;2,0;TOUS A L OUEST UNE AVENTURE DE LUCKY LUK;Adventure,Animation,Comedy;Animation;96.20253164556962;tt0792992;Go West: A Lucky Luke Adventure;2007;originalTitle
THE ROCK;BAY Michael;1995;ETATS UNIS;2024;28;24;1,1;THE ROCK;Action,Adventure,Thriller;Action;100.0;tt0117500;The Rock;1996;primaryTitle
J AI FAIM;QUENTIN Florence;2000;FRANCE;2022;28;21;1,4;J AI FAIM;Comedy;Comédie;100.0;tt0285631;J'ai faim!!!;2001;primaryTitle
BEETHOVEN 2;DANIEL Rod;1993;ETATS UNIS;2024;28;12;1,0;BEETHOVEN 2;Comedy,Drama,Family;Comédie;95.0;tt0103786;Beethoven;1992;primaryTitle
ARMAGEDDON;BAY Michael;1998;ETATS UNIS;2024;28;20;1,3;ARMAGEDDON;Action,Sci-Fi;Action;100.0;tt0064039;Armageddon;1969;primaryTitle
SISTER ACT ACTE 2;DUKE Bill;1993;ETATS UNIS;2024;28;15;1,0;SISTER ACT ACTE 2;Drama,Mystery,Romance;Policier;95.0;tt0093980;Sister, Sister;1987;primaryTitle
TRANSPORTEUR II (LE);LETERRIER Louis;2005;FRANCE;2024;28;16;1,8;TRANSPORTEUR II;Action,Drama,War;Action;90.0;tt0089881;Ran;1985;primaryTitle
MEMOIRE DANS LA PEAU (LA);LIMAN Doug;2001;ETATS UNIS;2024;28;17;1,5;MEMOIRE DANS LA PEAU;Drama,War;Historique;90.0;tt0003817;Dan;1914;primaryTitle
TRUE LIES LE CAMELEON;CAMERON James;1994;ETATS UNIS;2021;28;19;1,1;TRUE LIES LE CAMELEON;\N;;90.0;tt0074795;Lies;1976;primaryTitle
FAST AND FURIOUS TOKYO DRIFT;LIN Justin;2005;ETATS UNIS;2020;28;13;1,9;FAST AND FURIOUS TOKYO DRIFT;Action,Crime,Thriller;Policier;95.0;tt0463985;The Fast and the Furious: Tokyo Drift;2006;primaryTitle
FAST & FURIOUS 2;SINGLETON John;2003;ETATS UNIS;2022;28;15;1,6;FAST FURIOUS 2;Action,Crime,Thriller;Policier;95.0;tt0322259;2 Fast 2 Furious;2003;primaryTitle
